substance,label,classification,ecoinvent_kg,edgar_kg,edgar_year,edgar_source
CO2 (fossil),$CO_2$,GHG,4.794883e+13,3.783188e+13,2018,Crippa et al. 2024 (EDGAR v8.0)
CO,$CO$,GHG,9.712187e+11,4.419100e+11,2018,Crippa et al. 2024 (EDGAR v8.0)
CH4,$CH_4$,GHG,2.590329e+11,3.767290e+11,2018,Crippa et al. 2024 (EDGAR v8.0)
N2O,$N_2O$,GHG,9.698462e+09,9.253000e+09,2018,Crippa et al. 2024 (EDGAR v8.0)
NOx,$NO_x$,Air pollutant,1.146397e+11,1.097270e+11,2018,"EDGAR v8.1 (JRC), air pollutants"
SO2,$SO_2$,Air pollutant,1.365392e+11,9.078600e+10,2018,"EDGAR v8.1 (JRC), air pollutants"
NH3,$NH_3$,Air pollutant,3.658971e+10,5.439100e+10,2018,"EDGAR v8.1 (JRC), air pollutants"
NMVOC,NMVOC,Air pollutant,3.379956e+10,1.333740e+11,2018,"EDGAR v8.1 (JRC), air pollutants"
PM2.5,$PM_{2.5}$,Air pollutant,3.450454e+10,3.673200e+10,2018,"EDGAR v8.1 (JRC), air pollutants"
